<assembly xmlns="http://maven.apache.org/ASSEMBLY/2.0.0"
          xmlns:xsi="http://www.w3.org/2001/XMLSchema-instance"
          xsi:schemaLocation="http://maven.apache.org/ASSEMBLY/2.0.0 http://maven.apache.org/xsd/assembly-2.0.0.xsd">
<!--
/**
 * Licensed to the Apache Software Foundation (ASF) under one
 * or more contributor license agreements.  See the NOTICE file
 * distributed with this work for additional information
 * regarding copyright ownership.  The ASF licenses this file
 * to you under the Apache License, Version 2.0 (the
 * "License"); you may not use this file except in compliance
 * with the License.  You may obtain a copy of the License at
 *
 *     http://www.apache.org/licenses/LICENSE-2.0
 *
 * Unless required by applicable law or agreed to in writing, software
 * distributed under the License is distributed on an "AS IS" BASIS,
 * WITHOUT WARRANTIES OR CONDITIONS OF ANY KIND, either express or implied.
 * See the License for the specific language governing permissions and
 * limitations under the License.
 */
-->
  <id>lib-package</id>
  <formats>
    <format>tar.gz</format>
  </formats>
  <includeBaseDirectory>true</includeBaseDirectory>

  <fileSets>
    <fileSet>
      <!-- ZooKeeper C client lib and include files -->
      <directory>${project.basedir}/../zookeeper-client/zookeeper-client-c/target/c</directory>
      <outputDirectory>usr</outputDirectory>
      <includes>
        <include>include/**/*</include>
        <include>lib/*</include>
      </includes>
      <fileMode>${rw.file.permission}</fileMode>
      <directoryMode>${rwx.file.permission}</directoryMode>
    </fileSet>
    <fileSet>
      <!-- ZooKeeper C client binaries-->
      <directory>${project.basedir}/../zookeeper-client/zookeeper-client-c/target/c</directory>
      <outputDirectory>usr</outputDirectory>
      <includes>
        <include>bin/*</include>
      </includes>
      <fileMode>${rwx.file.permission}</fileMode>
      <directoryMode>${rwx.file.permission}</directoryMode>
    </fileSet>
    <fileSet>
      <!-- ZooKeeper license -->
      <directory>${project.basedir}/../zookeeper-client/zookeeper-client-c</directory>
      <includes>
        <include>LICENSE</include>
      </includes>
      <outputDirectory>.</outputDirectory>
      <fileMode>${rw.file.permission}</fileMode>
      <directoryMode>${rwx.file.permission}</directoryMode>
    </fileSet>

  </fileSets>

</assembly>
