{"protocol":{"minReaderVersion":1,"minWriterVersion":2}}
{"metaData":{"id":"0109bb2f-b074-44de-b859-87a2641584a8","format":{"provider":"parquet","options":{}},"schemaString":"{\"type\":\"struct\",\"fields\":[{\"name\":\"GeographyKey\",\"type\":\"string\",\"nullable\":true,\"metadata\":{}},{\"name\":\"GeographyType\",\"type\":\"string\",\"nullable\":true,\"metadata\":{}},{\"name\":\"ContinentName\",\"type\":\"string\",\"nullable\":true,\"metadata\":{}},{\"name\":\"CityName\",\"type\":\"string\",\"nullable\":true,\"metadata\":{}},{\"name\":\"StateProvinceName\",\"type\":\"string\",\"nullable\":true,\"metadata\":{}},{\"name\":\"RegionCountryName\",\"type\":\"string\",\"nullable\":true,\"metadata\":{}}]}","partitionColumns":[],"configuration":{},"createdTime":1698961547524}}
{"add":{"path":"part-00000-6ccb71bc-9cc1-4226-a7b5-f752edbedee6-c000.snappy.parquet","partitionValues":{},"size":12822,"modificationTime":1698961549532,"dataChange":true,"stats":"{\"numRecords\":674,\"minValues\":{\"GeographyKey\":\"1\",\"GeographyType\":\"City\",\"ContinentName\":\"Asia\",\"CityName\":\"Albany\",\"StateProvinceName\":\"Ahal Province\",\"RegionCountryName\":\"Armenia\"},\"maxValues\":{\"GeographyKey\":\"952\",\"GeographyType\":\"State/Province\",\"ContinentName\":\"North America\",\"CityName\":\"York\",\"StateProvinceName\":\"Yveline\",\"RegionCountryName\":\"the Netherlands\"},\"nullCount\":{\"GeographyKey\":0,\"GeographyType\":0,\"ContinentName\":0,\"CityName\":157,\"StateProvinceName\":37,\"RegionCountryName\":3}}"}}
{"commitInfo":{"timestamp":1698961549602,"operation":"WRITE","operationParameters":{"mode":"ErrorIfExists","partitionBy":"[]"},"isolationLevel":"Serializable","isBlindAppend":true,"operationMetrics":{"numFiles":"1","numOutputRows":"674","numOutputBytes":"12822"},"engineInfo":"Apache-Spark/3.2.3 Delta-Lake/2.0.2","txnId":"a674dea2-f76a-4db8-b6d6-2ec8214428de"}}
