{
	"image": "mcr.microsoft.com/devcontainers/base:ubuntu-22.04",
	"features": {
		"ghcr.io/devcontainers/features/java:1": {
			"version": "17",
			"installMaven": "true"
		},
		"ghcr.io/devcontainers-contrib/features/mvnd-sdkman:2": {
			"jdkVersion": "none"
		},
		// docker is useful to run diffoscope
		"ghcr.io/devcontainers/features/docker-in-docker:2": {}
	},
	"customizations": {
		"vscode": {
			"extensions": [
				"github.vscode-github-actions"
			]
		}
	},
	"hostRequirements": {
		"memory": "8gb"
	}
}
