<?xml version="1.0" encoding="UTF-8"?>

<!--
   Licensed to the Apache Software Foundation (ASF) under one or more
   contributor license agreements.  See the NOTICE file distributed with
   this work for additional information regarding copyright ownership.
   The ASF licenses this file to You under the Apache License, Version 2.0
   (the "License"); you may not use this file except in compliance with
   the License.  You may obtain a copy of the License at

       http://www.apache.org/licenses/LICENSE-2.0

   Unless required by applicable law or agreed to in writing, software
   distributed under the License is distributed on an "AS IS" BASIS,
   WITHOUT WARRANTIES OR CONDITIONS OF ANY KIND, either express or implied.
   See the License for the specific language governing permissions and
   limitations under the License.
-->

<suppressions xmlns="https://jeremylong.github.io/DependencyCheck/dependency-suppression.1.2.xsd">
   <suppress>
      <!-- ZOOKEEPER-3217 -->
      <cve>CVE-2018-8088</cve>
   </suppress>
   <suppress>
      <!-- ZOOKEEPER-4660 -->
      <cve>CVE-2021-37533</cve>
   </suppress>
   <suppress>
      <!-- ZOOKEEPER-3262 -->
      <cve>CVE-2018-8012</cve>
   </suppress>
   <suppress>
      <!-- ZOOKEEPER-3262 -->
      <cve>CVE-2016-5017</cve>
   </suppress>
   <suppress>
      <!-- https://github.com/jeremylong/DependencyCheck/issues/1653
           False positive on Netty 4.x-->
      <cve>CVE-2018-12056</cve>
      <!-- ZOOKEEPER-4755: looks like a real vulnerability in Netty,
           but no report or patch has been published so far.  This has
           to be monitored and will probably have to be remediated.

           https://cve.mitre.org/cgi-bin/cvename.cgi?name=CVE-2023-4586
      -->
      <cve>CVE-2023-4586</cve>
   </suppress>
   <suppress>
      <!-- Seems like false positive - we are not using Prometheus
           2.x, rather the client which latest is 0.6. at the time of
           this writing  -->
      <cve>CVE-2019-3826</cve>
   </suppress>

 
   <suppress>
      <!-- Seems like false positives about zookeeper-jute -->
      <cve>CVE-2021-29425</cve>
      <cve>CVE-2021-28164</cve>
      <cve>CVE-2021-34429</cve>
   </suppress>

   <suppress>
      <!-- ZOOKEEPER-4716: jackson related false positives -->

      <!-- according to jackson community, this is not a security issue,
           see: https://github.com/FasterXML/jackson-databind/issues/3972#issuecomment-1596193098 -->
      <cve>CVE-2023-35116</cve>

      <!-- the following CVE is not even jackson related, but a vulnerability
           in json-java which we don't use in ZooKeeper -->
      <cve>CVE-2022-45688</cve>
   </suppress>

</suppressions>
