<?xml version="1.0" encoding="UTF-8"?>
<!--
  ~ Licensed to the Apache Software Foundation (ASF) under one or more
  ~ contributor license agreements.  See the NOTICE file distributed with
  ~ this work for additional information regarding copyright ownership.
  ~ The ASF licenses this file to You under the Apache License, Version 2.0
  ~ (the "License"); you may not use this file except in compliance with
  ~ the License.  You may obtain a copy of the License at
  ~
  ~     http://www.apache.org/licenses/LICENSE-2.0
  ~
  ~ Unless required by applicable law or agreed to in writing, software
  ~ distributed under the License is distributed on an "AS IS" BASIS,
  ~ WITHOUT WARRANTIES OR CONDITIONS OF ANY KIND, either express or implied.
  ~ See the License for the specific language governing permissions and
  ~ limitations under the License.
-->
<Configuration status="warn">
    <Appenders>
        <!-- Console appender configuration -->
        <Console name="console" target="SYSTEM_OUT">
            <PatternLayout
                    pattern="%d{yyyy-MM-dd HH:mm:ss} %-5p %c:%L - %m%n" />
        </Console>
    </Appenders>
    <Loggers>
        <!-- Root logger referring to console appender -->
        <Root level="info" additivity="false">
            <AppenderRef ref="console" />
        </Root>
        <Logger name="org.apache.spark" level="warn" additivity="false">
            <AppenderRef ref="console"/>
        </Logger>
        <Logger name="org.apache.spark.sql.delta" level="info" additivity="false">
            <AppenderRef ref="console"/>
        </Logger>
        <Logger name="org.sparkproject.jetty" level="warn" additivity="false">
            <AppenderRef ref="console"/>
        </Logger>
        <Logger name="org.apache.hadoop" level="warn" additivity="false">
            <AppenderRef ref="console"/>
        </Logger>
    </Loggers>
</Configuration>
