<?xml version="1.0" encoding="UTF-8"?>
<!--
  ~ Licensed to the Apache Software Foundation (ASF) under one or more
  ~ contributor license agreements.  See the NOTICE file distributed with
  ~ this work for additional information regarding copyright ownership.
  ~ The ASF licenses this file to You under the Apache License, Version 2.0
  ~ (the "License"); you may not use this file except in compliance with
  ~ the License.  You may obtain a copy of the License at
  ~
  ~     http://www.apache.org/licenses/LICENSE-2.0
  ~
  ~ Unless required by applicable law or agreed to in writing, software
  ~ distributed under the License is distributed on an "AS IS" BASIS,
  ~ WITHOUT WARRANTIES OR CONDITIONS OF ANY KIND, either express or implied.
  ~ See the License for the specific language governing permissions and
  ~ limitations under the License.
-->
<configuration>

  <!-- Default file system for local file scheme, file:/// -->
  <property>
    <name>fs.file.impl</name>
    <value>org.apache.hadoop.fs.LocalFileSystem</value>
  </property>

  <!-- Default configs for Azure storage scheme, abfs:// -->
  <property>
    <name>fs.azure.account.auth.type</name>
    <value>OAuth</value>
  </property>
  <property>
    <name>fs.azure.account.oauth.provider.type</name>
    <value>org.apache.hadoop.fs.azurebfs.oauth2.ClientCredsTokenProvider</value>
  </property>
  <!-- other required properties for OAuth -->
  <!--
    <property>
      <name>fs.azure.account.oauth2.client.endpoint</name>
      <value>https://login.microsoftonline.com/ TENANT-ID /oauth2/token</value>
    </property>
    <property>
      <name>fs.azure.account.oauth2.client.id</name>
      <value> APPLICATION-ID </value>
    </property>
    <property>
      <name>fs.azure.account.oauth2.client.secret</name>
      <value> APPLICATION-SECRET </value>
    </property>
  -->

  <!-- Default file system for AWS S3/S3A scheme, s3:// -->
  <property>
    <name>fs.s3.impl</name>
    <value>org.apache.hadoop.fs.s3a.S3AFileSystem</value>
  </property>
  <property>
    <name>fs.s3.aws.credentials.provider</name>
    <value>com.amazonaws.auth.DefaultAWSCredentialsProviderChain</value>
  </property>
  <property>
    <name>fs.s3a.impl</name>
    <value>org.apache.hadoop.fs.s3a.S3AFileSystem</value>
  </property>
  <property>
    <name>fs.s3a.aws.credentials.provider</name>
    <value>com.amazonaws.auth.DefaultAWSCredentialsProviderChain</value>
  </property>

  <!-- Default file system for GCP scheme, gs:// -->
  <property>
    <name>fs.gs.impl</name>
    <value>com.google.cloud.hadoop.fs.gcs.GoogleHadoopFileSystem</value>
  </property>
  <property>
    <name>fs.AbstractFileSystem.gs.impl</name>
    <value>com.google.cloud.hadoop.fs.gcs.GoogleHadoopFS</value>
  </property>

  <!-- Default Spark configs for Delta Table conversions -->
  <property>
    <name>spark.master</name>
    <value>local[2]</value>
  </property>

  <!-- Whether to write avro list structures in the old way (2 levels) or the new one (3 levels) -->
  <property>
    <name>parquet.avro.write-old-list-structure</name>
    <value>false</value>
  </property>

</configuration>
